"No.","Time","Source","Destination","Protocol","Length","Info"
"1","0.000000","25.59.115.113","25.114.157.253","TCP","60","53036  >  1234 [ACK] Seq=1 Ack=1 Win=65260 Len=0"
"2","0.204160","25.59.115.113","25.114.157.253","TCP","60","53036  >  1234 [PSH, ACK] Seq=1 Ack=1 Win=65260 Len=1"
"3","0.207062","25.114.157.253","25.59.115.113","TCP","58","1234  >  53036 [PSH, ACK] Seq=1 Ack=2 Win=65381 Len=4"
"4","0.308093","25.59.115.113","25.114.157.253","TCP","60","53036  >  1234 [ACK] Seq=2 Ack=5 Win=65256 Len=0"
"5","0.394338","25.94.9.254","25.114.157.253","TCP","60","55805  >  1234 [PSH, ACK] Seq=1 Ack=1 Win=65472 Len=5"
"6","0.434845","25.114.157.253","25.94.9.254","TCP","54","1234  >  55805 [ACK] Seq=1 Ack=6 Win=64707 Len=0"
"7","0.511228","25.59.115.113","25.114.157.253","TCP","60","53036  >  1234 [PSH, ACK] Seq=2 Ack=5 Win=65256 Len=1"
"8","0.513945","25.114.157.253","25.59.115.113","TCP","58","1234  >  53036 [PSH, ACK] Seq=5 Ack=3 Win=65380 Len=4"
"9","0.622258","25.59.115.113","25.114.157.253","TCP","60","53036  >  1234 [ACK] Seq=3 Ack=9 Win=65252 Len=0"
"10","0.803950","25.59.115.113","25.114.157.253","TCP","60","53036  >  1234 [PSH, ACK] Seq=3 Ack=9 Win=65252 Len=1"
"11","0.845044","25.114.157.253","25.59.115.113","TCP","54","1234  >  53036 [ACK] Seq=9 Ack=4 Win=65379 Len=0"
"12","0.926303","25.94.9.254","25.114.157.253","TCP","60","55805  >  1234 [PSH, ACK] Seq=6 Ack=1 Win=65472 Len=5"
"13","0.967544","25.114.157.253","25.94.9.254","TCP","54","1234  >  55805 [ACK] Seq=1 Ack=11 Win=64702 Len=0"
"14","1.197199","25.59.115.113","25.114.157.253","TCP","60","53036  >  1234 [PSH, ACK] Seq=4 Ack=9 Win=65252 Len=1"
"15","1.201144","25.114.157.253","25.59.115.113","TCP","58","1234  >  53036 [PSH, ACK] Seq=9 Ack=5 Win=65378 Len=4"
"16","1.311946","25.59.115.113","25.114.157.253","TCP","60","53036  >  1234 [ACK] Seq=5 Ack=13 Win=65248 Len=0"
"17","1.456529","25.94.9.254","25.114.157.253","TCP","60","55805  >  1234 [PSH, ACK] Seq=11 Ack=1 Win=65472 Len=5"
"18","1.497729","25.114.157.253","25.94.9.254","TCP","54","1234  >  55805 [ACK] Seq=1 Ack=16 Win=64697 Len=0"
"19","1.517803","25.59.115.113","25.114.157.253","TCP","60","53036  >  1234 [PSH, ACK] Seq=5 Ack=13 Win=65248 Len=1"
"20","1.520818","25.114.157.253","25.59.115.113","TCP","58","1234  >  53036 [PSH, ACK] Seq=13 Ack=6 Win=65377 Len=4"
"21","1.611723","25.59.115.113","25.114.157.253","TCP","60","53036  >  1234 [ACK] Seq=6 Ack=17 Win=65244 Len=0"
"22","1.842611","25.59.115.113","25.114.157.253","TCP","60","53036  >  1234 [PSH, ACK] Seq=6 Ack=17 Win=65244 Len=1"
"23","1.883557","25.114.157.253","25.59.115.113","TCP","54","1234  >  53036 [ACK] Seq=17 Ack=7 Win=65376 Len=0"
"24","1.973797","25.94.9.254","25.114.157.253","TCP","60","55805  >  1234 [PSH, ACK] Seq=16 Ack=1 Win=65472 Len=5"
"25","2.017812","25.114.157.253","25.94.9.254","TCP","54","1234  >  55805 [ACK] Seq=1 Ack=21 Win=64692 Len=0"
"26","2.504292","25.94.9.254","25.114.157.253","TCP","60","55805  >  1234 [PSH, ACK] Seq=21 Ack=1 Win=65472 Len=5"
"27","2.544725","25.114.157.253","25.94.9.254","TCP","54","1234  >  55805 [ACK] Seq=1 Ack=26 Win=64687 Len=0"
"28","2.655262","25.59.115.113","25.114.157.253","TCP","60","53036  >  1234 [PSH, ACK] Seq=7 Ack=17 Win=65244 Len=1"
"29","2.657992","25.114.157.253","25.59.115.113","TCP","58","1234  >  53036 [PSH, ACK] Seq=17 Ack=8 Win=65375 Len=4"
"30","2.714556","25.59.115.113","25.114.157.253","TCP","60","53036  >  1234 [PSH, ACK] Seq=8 Ack=21 Win=65240 Len=1"
"31","2.716861","25.114.157.253","25.59.115.113","TCP","58","1234  >  53036 [PSH, ACK] Seq=21 Ack=9 Win=65374 Len=4"
"32","3.023201","25.59.115.113","25.114.157.253","TCP","60","53036  >  1234 [PSH, ACK] Seq=9 Ack=25 Win=65236 Len=1"
"33","3.027722","25.94.9.254","25.114.157.253","TCP","60","55805  >  1234 [PSH, ACK] Seq=26 Ack=1 Win=65472 Len=5"
"34","3.063673","25.114.157.253","25.59.115.113","TCP","54","1234  >  53036 [ACK] Seq=25 Ack=10 Win=65373 Len=0"
"35","3.068713","25.114.157.253","25.94.9.254","TCP","54","1234  >  55805 [ACK] Seq=1 Ack=31 Win=64682 Len=0"
"36","3.302980","25.59.115.113","25.114.157.253","TCP","60","53036  >  1234 [PSH, ACK] Seq=10 Ack=25 Win=65236 Len=1"
"37","3.305469","25.114.157.253","25.59.115.113","TCP","58","1234  >  53036 [PSH, ACK] Seq=25 Ack=11 Win=65372 Len=4"
"38","3.485253","25.59.115.113","25.114.157.253","TCP","60","53036  >  1234 [ACK] Seq=11 Ack=29 Win=65232 Len=0"
"39","3.492822","25.94.9.254","25.255.255.255","NBNS","92","Name query NB WORKGROUP<1c>"
"40","3.556482","25.94.9.254","25.114.157.253","TCP","60","55805  >  1234 [PSH, ACK] Seq=31 Ack=1 Win=65472 Len=5"
"41","3.597650","25.114.157.253","25.94.9.254","TCP","54","1234  >  55805 [ACK] Seq=1 Ack=36 Win=64677 Len=0"
"42","3.949127","25.59.115.113","25.114.157.253","TCP","60","53036  >  1234 [PSH, ACK] Seq=11 Ack=29 Win=65232 Len=1"
"43","3.953877","25.114.157.253","25.59.115.113","TCP","58","1234  >  53036 [PSH, ACK] Seq=29 Ack=12 Win=65371 Len=4"
"44","4.036026","25.59.115.113","25.114.157.253","TCP","60","53036  >  1234 [PSH, ACK] Seq=12 Ack=33 Win=65228 Len=1"
"45","4.074126","25.94.9.254","25.114.157.253","TCP","60","55805  >  1234 [PSH, ACK] Seq=36 Ack=1 Win=65472 Len=5"
"46","4.076613","25.114.157.253","25.59.115.113","TCP","54","1234  >  53036 [ACK] Seq=33 Ack=13 Win=65370 Len=0"
"47","4.115737","25.114.157.253","25.94.9.254","TCP","54","1234  >  55805 [ACK] Seq=1 Ack=41 Win=64672 Len=0"
"48","4.313409","25.94.9.254","25.255.255.255","NBNS","92","Name query NB WORKGROUP<1c>"
"49","4.313538","25.59.115.113","25.114.157.253","TCP","60","53036  >  1234 [PSH, ACK] Seq=13 Ack=33 Win=65228 Len=1"
"50","4.316330","25.114.157.253","25.59.115.113","TCP","58","1234  >  53036 [PSH, ACK] Seq=33 Ack=14 Win=65369 Len=4"
"51","4.603770","25.94.9.254","25.114.157.253","TCP","60","55805  >  1234 [PSH, ACK] Seq=41 Ack=1 Win=65472 Len=5"
"52","4.613896","25.59.115.113","25.114.157.253","TCP","60","53036  >  1234 [PSH, ACK] Seq=14 Ack=37 Win=65224 Len=1"
"53","4.616628","25.114.157.253","25.59.115.113","TCP","58","1234  >  53036 [PSH, ACK] Seq=37 Ack=15 Win=65368 Len=4"
"54","4.644910","25.114.157.253","25.94.9.254","TCP","54","1234  >  55805 [ACK] Seq=1 Ack=46 Win=64667 Len=0"
"55","4.838494","25.59.115.113","25.114.157.253","TCP","60","53036  >  1234 [ACK] Seq=15 Ack=41 Win=65220 Len=0"
"56","5.006861","fe80::d8ec:85df:8c06:42b1","ff02::1:fff6:6c38","ICMPv6","86","Neighbor Solicitation for fe80::a633:d7ff:fef6:6c38 from 7a:79:19:72:9d:fd"
"57","5.103957","25.94.9.254","25.255.255.255","NBNS","92","Name query NB WORKGROUP<1c>"
"58","5.134027","25.94.9.254","25.114.157.253","TCP","60","55805  >  1234 [PSH, ACK] Seq=46 Ack=1 Win=65472 Len=5"
"59","5.175377","25.114.157.253","25.94.9.254","TCP","54","1234  >  55805 [ACK] Seq=1 Ack=51 Win=64662 Len=0"
"60","5.275948","25.59.115.113","25.114.157.253","TCP","60","53036  >  1234 [PSH, ACK] Seq=15 Ack=41 Win=65220 Len=1"
"61","5.278419","25.114.157.253","25.59.115.113","TCP","58","1234  >  53036 [PSH, ACK] Seq=41 Ack=16 Win=65367 Len=4"
"62","5.336924","25.59.115.113","25.114.157.253","TCP","60","53036  >  1234 [PSH, ACK] Seq=16 Ack=45 Win=65216 Len=1"
"63","5.377728","25.114.157.253","25.59.115.113","TCP","54","1234  >  53036 [ACK] Seq=45 Ack=17 Win=65366 Len=0"
"64","5.633529","25.59.115.113","25.114.157.253","TCP","60","53036  >  1234 [PSH, ACK] Seq=17 Ack=45 Win=65216 Len=1"
"65","5.650620","25.94.9.254","25.114.157.253","TCP","60","55805  >  1234 [PSH, ACK] Seq=51 Ack=1 Win=65472 Len=5"
"66","5.673620","25.114.157.253","25.59.115.113","TCP","54","1234  >  53036 [ACK] Seq=45 Ack=18 Win=65365 Len=0"
"67","5.690613","25.114.157.253","25.94.9.254","TCP","54","1234  >  55805 [ACK] Seq=1 Ack=56 Win=64657 Len=0"
"68","6.153367","25.59.115.113","239.255.255.250","SSDP","215","M-SEARCH * HTTP/1.1 "
"69","6.180035","25.94.9.254","25.114.157.253","TCP","60","55805  >  1234 [PSH, ACK] Seq=56 Ack=1 Win=65472 Len=5"
"70","6.221548","25.114.157.253","25.94.9.254","TCP","54","1234  >  55805 [ACK] Seq=1 Ack=61 Win=64652 Len=0"
"71","6.343962","25.59.115.113","25.114.157.253","TCP","60","53036  >  1234 [PSH, ACK] Seq=18 Ack=45 Win=65216 Len=1"
"72","6.346905","25.114.157.253","25.59.115.113","TCP","58","1234  >  53036 [PSH, ACK] Seq=45 Ack=19 Win=65364 Len=4"
"73","6.396824","25.59.115.113","25.114.157.253","TCP","60","53036  >  1234 [PSH, ACK] Seq=19 Ack=49 Win=65212 Len=1"
"74","6.400187","25.114.157.253","25.59.115.113","TCP","58","1234  >  53036 [PSH, ACK] Seq=49 Ack=20 Win=65363 Len=4"
"75","6.679966","25.59.115.113","25.114.157.253","TCP","60","53036  >  1234 [ACK] Seq=20 Ack=53 Win=65208 Len=0"
"76","6.680020","25.59.115.113","25.114.157.253","TCP","60","53036  >  1234 [PSH, ACK] Seq=20 Ack=53 Win=65208 Len=1"
"77","6.709234","25.94.9.254","25.114.157.253","TCP","60","55805  >  1234 [PSH, ACK] Seq=61 Ack=1 Win=65472 Len=5"
"78","6.720571","25.114.157.253","25.59.115.113","TCP","54","1234  >  53036 [ACK] Seq=53 Ack=21 Win=65362 Len=0"
"79","6.750011","25.114.157.253","25.94.9.254","TCP","54","1234  >  55805 [ACK] Seq=1 Ack=66 Win=64647 Len=0"
"80","6.943134","25.59.115.113","25.114.157.253","TCP","60","53036  >  1234 [PSH, ACK] Seq=21 Ack=53 Win=65208 Len=1"
"81","6.947123","25.114.157.253","25.59.115.113","TCP","58","1234  >  53036 [PSH, ACK] Seq=53 Ack=22 Win=65361 Len=4"
"82","7.223136","25.59.115.113","239.255.255.250","SSDP","215","M-SEARCH * HTTP/1.1 "
"83","7.227367","25.94.9.254","25.114.157.253","TCP","60","55805  >  1234 [PSH, ACK] Seq=66 Ack=1 Win=65472 Len=5"
"84","7.238153","25.59.115.113","25.114.157.253","TCP","60","53036  >  1234 [PSH, ACK] Seq=22 Ack=57 Win=65204 Len=1"
"85","7.240117","25.114.157.253","25.59.115.113","TCP","58","1234  >  53036 [PSH, ACK] Seq=57 Ack=23 Win=65360 Len=4"
"86","7.267913","25.114.157.253","25.94.9.254","TCP","54","1234  >  55805 [ACK] Seq=1 Ack=71 Win=64642 Len=0"
"87","7.469819","25.59.115.113","25.114.157.253","TCP","60","53036  >  1234 [ACK] Seq=23 Ack=61 Win=65200 Len=0"
"88","7.645726","25.59.115.113","25.114.157.253","TCP","60","53036  >  1234 [PSH, ACK] Seq=23 Ack=61 Win=65200 Len=1"
"89","7.686609","25.114.157.253","25.59.115.113","TCP","54","1234  >  53036 [ACK] Seq=61 Ack=24 Win=65359 Len=0"
"90","7.757877","25.94.9.254","25.114.157.253","TCP","60","55805  >  1234 [PSH, ACK] Seq=71 Ack=1 Win=65472 Len=5"
"91","7.797877","25.114.157.253","25.94.9.254","TCP","54","1234  >  55805 [ACK] Seq=1 Ack=76 Win=64637 Len=0"
"92","7.996863","25.59.115.113","25.114.157.253","TCP","60","53036  >  1234 [PSH, ACK] Seq=24 Ack=61 Win=65200 Len=1"
"93","7.999794","25.114.157.253","25.59.115.113","TCP","58","1234  >  53036 [PSH, ACK] Seq=61 Ack=25 Win=65358 Len=4"
"94","8.103864","25.59.115.113","25.114.157.253","TCP","60","53036  >  1234 [ACK] Seq=25 Ack=65 Win=65196 Len=0"
"95","8.108337","25.59.115.113","239.255.255.250","SSDP","215","M-SEARCH * HTTP/1.1 "
"96","8.276638","25.94.9.254","25.114.157.253","TCP","60","55805  >  1234 [PSH, ACK] Seq=76 Ack=1 Win=65472 Len=5"
"97","8.288603","25.59.115.113","25.114.157.253","TCP","60","53036  >  1234 [PSH, ACK] Seq=25 Ack=65 Win=65196 Len=1"
"98","8.290953","25.114.157.253","25.59.115.113","TCP","58","1234  >  53036 [PSH, ACK] Seq=65 Ack=26 Win=65357 Len=4"
"99","8.317736","25.114.157.253","25.94.9.254","TCP","54","1234  >  55805 [ACK] Seq=1 Ack=81 Win=64632 Len=0"
"100","8.396269","25.59.115.113","25.114.157.253","TCP","60","53036  >  1234 [ACK] Seq=26 Ack=69 Win=65192 Len=0"
"101","8.566069","25.59.115.113","25.114.157.253","TCP","60","53036  >  1234 [PSH, ACK] Seq=26 Ack=69 Win=65192 Len=1"
"102","8.609354","25.114.157.253","25.59.115.113","TCP","54","1234  >  53036 [ACK] Seq=69 Ack=27 Win=65356 Len=0"
"103","8.804602","25.94.9.254","25.114.157.253","TCP","60","55805  >  1234 [PSH, ACK] Seq=81 Ack=1 Win=65472 Len=5"
"104","8.841183","25.59.115.113","25.114.157.253","TCP","60","53036  >  1234 [PSH, ACK] Seq=27 Ack=69 Win=65192 Len=1"
"105","8.844461","25.114.157.253","25.59.115.113","TCP","58","1234  >  53036 [PSH, ACK] Seq=69 Ack=28 Win=65355 Len=4"
"106","8.845095","25.114.157.253","25.94.9.254","TCP","54","1234  >  55805 [ACK] Seq=1 Ack=86 Win=64627 Len=0"
"107","8.947982","25.59.115.113","25.114.157.253","TCP","60","53036  >  1234 [ACK] Seq=28 Ack=73 Win=65188 Len=0"
"108","9.106626","25.59.115.113","239.255.255.250","SSDP","215","M-SEARCH * HTTP/1.1 "
"109","9.178805","25.59.115.113","25.114.157.253","TCP","60","53036  >  1234 [PSH, ACK] Seq=28 Ack=73 Win=65188 Len=1"
"110","9.219691","25.114.157.253","25.59.115.113","TCP","54","1234  >  53036 [ACK] Seq=73 Ack=29 Win=65354 Len=0"
"111","9.320748","25.94.9.254","25.114.157.253","TCP","60","55805  >  1234 [PSH, ACK] Seq=86 Ack=1 Win=65472 Len=5"
"112","9.360807","25.114.157.253","25.94.9.254","TCP","54","1234  >  55805 [ACK] Seq=1 Ack=91 Win=64622 Len=0"
"113","9.551476","25.59.115.113","25.114.157.253","TCP","60","53036  >  1234 [PSH, ACK] Seq=29 Ack=73 Win=65188 Len=1"
"114","9.554162","25.114.157.253","25.59.115.113","TCP","58","1234  >  53036 [PSH, ACK] Seq=73 Ack=30 Win=65353 Len=4"
"115","9.657869","25.59.115.113","25.114.157.253","TCP","60","53036  >  1234 [ACK] Seq=30 Ack=77 Win=65184 Len=0"
"116","9.846882","25.59.115.113","25.114.157.253","TCP","60","53036  >  1234 [PSH, ACK] Seq=30 Ack=77 Win=65184 Len=1"
"117","9.852595","25.94.9.254","25.114.157.253","TCP","60","55805  >  1234 [PSH, ACK] Seq=91 Ack=1 Win=65472 Len=5"
"118","9.888161","25.114.157.253","25.59.115.113","TCP","54","1234  >  53036 [ACK] Seq=77 Ack=31 Win=65352 Len=0"
"119","9.894607","25.114.157.253","25.94.9.254","TCP","54","1234  >  55805 [ACK] Seq=1 Ack=96 Win=64617 Len=0"
"120","10.252130","25.59.115.113","25.114.157.253","TCP","60","53036  >  1234 [PSH, ACK] Seq=31 Ack=77 Win=65184 Len=1"
"121","10.254869","25.114.157.253","25.59.115.113","TCP","58","1234  >  53036 [PSH, ACK] Seq=77 Ack=32 Win=65351 Len=4"
"122","10.360285","25.59.115.113","25.114.157.253","TCP","60","53036  >  1234 [ACK] Seq=32 Ack=81 Win=65180 Len=0"
"123","10.384771","25.94.9.254","25.114.157.253","TCP","60","55805  >  1234 [PSH, ACK] Seq=96 Ack=1 Win=65472 Len=5"
"124","10.424770","25.114.157.253","25.94.9.254","TCP","54","1234  >  55805 [ACK] Seq=1 Ack=101 Win=64612 Len=0"
"125","10.546942","25.59.115.113","25.114.157.253","TCP","60","53036  >  1234 [PSH, ACK] Seq=32 Ack=81 Win=65180 Len=1"
"126","10.549327","25.114.157.253","25.59.115.113","TCP","58","1234  >  53036 [PSH, ACK] Seq=81 Ack=33 Win=65350 Len=4"
"127","10.655239","25.59.115.113","25.114.157.253","TCP","60","53036  >  1234 [ACK] Seq=33 Ack=85 Win=65176 Len=0"
"128","10.882977","25.59.115.113","25.114.157.253","TCP","60","53036  >  1234 [PSH, ACK] Seq=33 Ack=85 Win=65176 Len=1"
"129","10.902983","25.94.9.254","25.114.157.253","TCP","60","55805  >  1234 [PSH, ACK] Seq=101 Ack=1 Win=65472 Len=5"
"130","10.924571","25.114.157.253","25.59.115.113","TCP","54","1234  >  53036 [ACK] Seq=85 Ack=34 Win=65349 Len=0"
"131","10.944146","25.114.157.253","25.94.9.254","TCP","54","1234  >  55805 [ACK] Seq=1 Ack=106 Win=64607 Len=0"
"132","11.290448","25.59.115.113","25.114.157.253","TCP","60","53036  >  1234 [PSH, ACK] Seq=34 Ack=85 Win=65176 Len=1"
"133","11.292804","25.114.157.253","25.59.115.113","TCP","58","1234  >  53036 [PSH, ACK] Seq=85 Ack=35 Win=65348 Len=4"
"134","11.392357","25.59.115.113","25.114.157.253","TCP","60","53036  >  1234 [ACK] Seq=35 Ack=89 Win=65172 Len=0"
"135","11.433844","25.94.9.254","25.114.157.253","TCP","60","55805  >  1234 [PSH, ACK] Seq=106 Ack=1 Win=65472 Len=5"
"136","11.474846","25.114.157.253","25.94.9.254","TCP","54","1234  >  55805 [ACK] Seq=1 Ack=111 Win=64602 Len=0"
"137","11.596889","25.59.115.113","25.114.157.253","TCP","60","53036  >  1234 [PSH, ACK] Seq=35 Ack=89 Win=65172 Len=1"
"138","11.601259","25.114.157.253","25.59.115.113","TCP","58","1234  >  53036 [PSH, ACK] Seq=89 Ack=36 Win=65347 Len=4"
"139","11.706095","25.59.115.113","25.114.157.253","TCP","60","53036  >  1234 [ACK] Seq=36 Ack=93 Win=65168 Len=0"
"140","11.909973","25.59.115.113","25.114.157.253","TCP","60","53036  >  1234 [PSH, ACK] Seq=36 Ack=93 Win=65168 Len=1"
"141","11.950970","25.114.157.253","25.59.115.113","TCP","54","1234  >  53036 [ACK] Seq=93 Ack=37 Win=65346 Len=0"
"142","11.956317","25.94.9.254","25.114.157.253","TCP","60","55805  >  1234 [PSH, ACK] Seq=111 Ack=1 Win=65472 Len=5"
"143","11.996850","25.114.157.253","25.94.9.254","TCP","54","1234  >  55805 [ACK] Seq=1 Ack=116 Win=64597 Len=0"
"144","12.745201","25.59.115.113","25.114.157.253","TCP","60","53036  >  1234 [PSH, ACK] Seq=37 Ack=93 Win=65168 Len=1"
"145","12.747200","25.114.157.253","25.59.115.113","TCP","58","1234  >  53036 [PSH, ACK] Seq=93 Ack=38 Win=65345 Len=4"
"146","13.023272","25.94.9.254","25.114.157.253","TCP","60","55805  >  1234 [PSH, ACK] Seq=116 Ack=1 Win=65472 Len=5"
"147","13.063551","25.114.157.253","25.94.9.254","TCP","54","1234  >  55805 [ACK] Seq=1 Ack=121 Win=64592 Len=0"
"148","13.063563","25.114.157.253","25.59.115.113","TCP","58","[TCP Retransmission] 1234  >  53036 [PSH, ACK] Seq=93 Ack=38 Win=65345 Len=4"
"149","13.305231","25.59.115.113","25.114.157.253","TCP","60","53036  >  1234 [PSH, ACK] Seq=38 Ack=97 Win=65164 Len=2"
"150","13.309252","25.114.157.253","25.59.115.113","TCP","58","1234  >  53036 [PSH, ACK] Seq=97 Ack=40 Win=65343 Len=4"
"151","13.311328","25.59.115.113","25.114.157.253","TCP","66","[TCP Keep-Alive] 53036  >  1234 [ACK] Seq=39 Ack=97 Win=65164 Len=0 SLE=93 SRE=97"
"152","13.311428","25.114.157.253","25.59.115.113","TCP","54","[TCP Keep-Alive ACK] 1234  >  53036 [ACK] Seq=101 Ack=40 Win=65343 Len=0"
"153","13.576151","25.59.115.113","25.114.157.253","TCP","60","53036  >  1234 [ACK] Seq=40 Ack=101 Win=65160 Len=0"
"154","13.576165","25.59.115.113","25.114.157.253","TCP","60","53036  >  1234 [PSH, ACK] Seq=40 Ack=101 Win=65160 Len=1"
"155","13.576241","25.94.9.254","25.114.157.253","TCP","60","55805  >  1234 [PSH, ACK] Seq=121 Ack=1 Win=65472 Len=5"
"156","13.616793","25.114.157.253","25.59.115.113","TCP","54","1234  >  53036 [ACK] Seq=101 Ack=41 Win=65342 Len=0"
"157","13.616801","25.114.157.253","25.94.9.254","TCP","54","1234  >  55805 [ACK] Seq=1 Ack=126 Win=64587 Len=0"
"158","13.853070","25.59.115.113","25.114.157.253","TCP","60","53036  >  1234 [PSH, ACK] Seq=40 Ack=101 Win=65160 Len=2"
"159","13.853177","25.114.157.253","25.59.115.113","TCP","66","[TCP ACKed unseen segment] 1234  >  53036 [ACK] Seq=101 Ack=42 Win=65341 Len=0 SLE=40 SRE=41"
"160","13.855781","25.114.157.253","25.59.115.113","TCP","58","1234  >  53036 [PSH, ACK] Seq=101 Ack=42 Win=65341 Len=4"
"161","13.962064","25.59.115.113","25.114.157.253","TCP","60","53036  >  1234 [ACK] Seq=42 Ack=105 Win=65156 Len=0"
"162","14.038045","25.94.9.254","25.114.157.253","TCP","60","55805  >  1234 [PSH, ACK] Seq=126 Ack=1 Win=65472 Len=5"
"163","14.039747","25.59.115.113","25.114.157.253","TCP","60","53036  >  1234 [PSH, ACK] Seq=42 Ack=105 Win=65156 Len=1"
"164","14.041110","25.114.157.253","25.59.115.113","TCP","58","1234  >  53036 [PSH, ACK] Seq=105 Ack=43 Win=65340 Len=4"
"165","14.079610","25.114.157.253","25.94.9.254","TCP","54","1234  >  55805 [ACK] Seq=1 Ack=131 Win=64582 Len=0"
"166","14.313199","25.59.115.113","25.114.157.253","TCP","60","53036  >  1234 [ACK] Seq=43 Ack=109 Win=65152 Len=0"
"167","14.313551","25.59.115.113","25.114.157.253","TCP","60","53036  >  1234 [PSH, ACK] Seq=43 Ack=109 Win=65152 Len=1"
"168","14.354242","25.114.157.253","25.59.115.113","TCP","54","1234  >  53036 [ACK] Seq=109 Ack=44 Win=65339 Len=0"
"169","14.573810","25.94.9.254","25.114.157.253","TCP","60","55805  >  1234 [PSH, ACK] Seq=131 Ack=1 Win=65472 Len=5"
"170","14.596012","25.59.115.113","25.114.157.253","TCP","60","53036  >  1234 [PSH, ACK] Seq=43 Ack=109 Win=65152 Len=2"
"171","14.596189","25.114.157.253","25.59.115.113","TCP","66","[TCP ACKed unseen segment] 1234  >  53036 [ACK] Seq=109 Ack=45 Win=65338 Len=0 SLE=43 SRE=44"
"172","14.598792","25.114.157.253","25.59.115.113","TCP","58","1234  >  53036 [PSH, ACK] Seq=109 Ack=45 Win=65338 Len=4"
"173","14.616011","25.114.157.253","25.94.9.254","TCP","54","1234  >  55805 [ACK] Seq=1 Ack=136 Win=64577 Len=0"
"174","14.837898","25.59.115.113","25.114.157.253","TCP","60","53036  >  1234 [ACK] Seq=45 Ack=113 Win=65148 Len=0"
"175","15.099967","25.94.9.254","25.114.157.253","TCP","60","55805  >  1234 [PSH, ACK] Seq=136 Ack=1 Win=65472 Len=5"
"176","15.140998","25.114.157.253","25.94.9.254","TCP","54","1234  >  55805 [ACK] Seq=1 Ack=141 Win=64572 Len=0"
"177","15.268539","25.59.115.113","25.114.157.253","TCP","60","53036  >  1234 [PSH, ACK] Seq=45 Ack=113 Win=65148 Len=1"
"178","15.271142","25.114.157.253","25.59.115.113","TCP","58","1234  >  53036 [PSH, ACK] Seq=113 Ack=46 Win=65337 Len=4"
"179","15.327919","25.59.115.113","25.114.157.253","TCP","60","53036  >  1234 [PSH, ACK] Seq=46 Ack=117 Win=65144 Len=1"
"180","15.368649","25.114.157.253","25.59.115.113","TCP","54","1234  >  53036 [ACK] Seq=117 Ack=47 Win=65336 Len=0"
"181","15.506668","7a:79:19:72:9d:fd","7a:79:19:5e:09:fe","ARP","42","Who has 25.94.9.254? Tell 25.114.157.253"
"182","15.506874","7a:79:19:5e:09:fe","7a:79:19:72:9d:fd","ARP","60","25.94.9.254 is at 7a:79:19:5e:09:fe"
"183","15.569918","25.59.115.113","25.114.157.253","TCP","60","53036  >  1234 [PSH, ACK] Seq=47 Ack=117 Win=65144 Len=1"
"184","15.599538","25.94.9.254","25.114.157.253","TCP","60","55805  >  1234 [PSH, ACK] Seq=141 Ack=1 Win=65472 Len=5"
"185","15.610992","25.114.157.253","25.59.115.113","TCP","54","1234  >  53036 [ACK] Seq=117 Ack=48 Win=65335 Len=0"
"186","15.639552","25.114.157.253","25.94.9.254","TCP","54","1234  >  55805 [ACK] Seq=1 Ack=146 Win=64567 Len=0"
"187","16.056164","25.59.115.113","25.114.157.253","TCP","60","53036  >  1234 [PSH, ACK] Seq=48 Ack=117 Win=65144 Len=1"
"188","16.058405","25.114.157.253","25.59.115.113","TCP","58","1234  >  53036 [PSH, ACK] Seq=117 Ack=49 Win=65334 Len=4"
"189","16.122543","25.94.9.254","25.114.157.253","TCP","60","55805  >  1234 [PSH, ACK] Seq=146 Ack=1 Win=65472 Len=5"
"190","16.159995","25.59.115.113","25.114.157.253","TCP","60","53036  >  1234 [ACK] Seq=49 Ack=121 Win=65140 Len=0"
"191","16.172912","25.114.157.253","25.94.9.254","TCP","54","1234  >  55805 [ACK] Seq=1 Ack=151 Win=64562 Len=0"
"192","16.417687","25.59.115.113","25.114.157.253","TCP","60","53036  >  1234 [PSH, ACK] Seq=49 Ack=121 Win=65140 Len=1"
"193","16.420441","25.114.157.253","25.59.115.113","TCP","58","1234  >  53036 [PSH, ACK] Seq=121 Ack=50 Win=65333 Len=4"
"194","16.683938","25.59.115.113","25.114.157.253","TCP","60","53036  >  1234 [PSH, ACK] Seq=50 Ack=125 Win=65136 Len=1"
"195","16.688716","25.94.9.254","25.114.157.253","TCP","60","55805  >  1234 [PSH, ACK] Seq=151 Ack=1 Win=65472 Len=5"
"196","16.724763","25.114.157.253","25.59.115.113","TCP","54","1234  >  53036 [ACK] Seq=125 Ack=51 Win=65332 Len=0"
"197","16.728776","25.114.157.253","25.94.9.254","TCP","54","1234  >  55805 [ACK] Seq=1 Ack=156 Win=64557 Len=0"
"198","17.214373","25.94.9.254","25.114.157.253","TCP","60","55805  >  1234 [PSH, ACK] Seq=156 Ack=1 Win=65472 Len=5"
"199","17.214455","25.59.115.113","25.114.157.253","TCP","60","53036  >  1234 [PSH, ACK] Seq=51 Ack=125 Win=65136 Len=1"
"200","17.218143","25.114.157.253","25.59.115.113","TCP","58","1234  >  53036 [PSH, ACK] Seq=125 Ack=52 Win=65331 Len=4"
"201","17.255008","25.114.157.253","25.94.9.254","TCP","54","1234  >  55805 [ACK] Seq=1 Ack=161 Win=64552 Len=0"
"202","17.655834","25.114.157.253","25.59.115.113","TCP","58","[TCP Retransmission] 1234  >  53036 [PSH, ACK] Seq=125 Ack=52 Win=65331 Len=4"
"203","17.734588","25.59.115.113","25.114.157.253","TCP","60","53036  >  1234 [PSH, ACK] Seq=52 Ack=129 Win=65132 Len=2"
"204","17.737742","25.114.157.253","25.59.115.113","TCP","58","1234  >  53036 [PSH, ACK] Seq=129 Ack=54 Win=65329 Len=4"
"205","17.740448","25.94.9.254","25.114.157.253","TCP","60","55805  >  1234 [PSH, ACK] Seq=161 Ack=1 Win=65472 Len=5"
"206","17.740470","25.59.115.113","25.114.157.253","TCP","66","[TCP Keep-Alive] 53036  >  1234 [ACK] Seq=53 Ack=129 Win=65132 Len=0 SLE=125 SRE=129"
"207","17.740565","25.114.157.253","25.59.115.113","TCP","54","[TCP Keep-Alive ACK] 1234  >  53036 [ACK] Seq=133 Ack=54 Win=65329 Len=0"
"208","17.781826","25.114.157.253","25.94.9.254","TCP","54","1234  >  55805 [ACK] Seq=1 Ack=166 Win=64547 Len=0"
"209","17.998739","25.59.115.113","25.114.157.253","TCP","60","53036  >  1234 [PSH, ACK] Seq=54 Ack=133 Win=65128 Len=1"
"210","18.001871","25.114.157.253","25.59.115.113","TCP","58","1234  >  53036 [PSH, ACK] Seq=133 Ack=55 Win=65328 Len=4"
"211","18.099090","25.59.115.113","25.114.157.253","TCP","60","53036  >  1234 [ACK] Seq=55 Ack=137 Win=65124 Len=0"
"212","18.145938","25.59.115.113","25.114.157.253","TCP","60","53036  >  1234 [PSH, ACK] Seq=55 Ack=137 Win=65124 Len=1"
"213","18.187680","25.114.157.253","25.59.115.113","TCP","54","1234  >  53036 [ACK] Seq=137 Ack=56 Win=65327 Len=0"
"214","18.219349","25.94.9.254","25.114.157.253","TCP","60","55805  >  1234 [PSH, ACK] Seq=166 Ack=1 Win=65472 Len=5"
"215","18.259889","25.114.157.253","25.94.9.254","TCP","54","1234  >  55805 [ACK] Seq=1 Ack=171 Win=64542 Len=0"
"216","18.412366","25.59.115.113","25.114.157.253","TCP","60","53036  >  1234 [PSH, ACK] Seq=56 Ack=137 Win=65124 Len=1"
"217","18.415570","25.114.157.253","25.59.115.113","TCP","58","1234  >  53036 [PSH, ACK] Seq=137 Ack=57 Win=65326 Len=4"
"218","18.506893","7a:79:19:72:9d:fd","7a:79:19:3b:73:71","ARP","42","Who has 25.59.115.113? Tell 25.114.157.253"
"219","18.507063","7a:79:19:3b:73:71","7a:79:19:72:9d:fd","ARP","60","25.59.115.113 is at 7a:79:19:3b:73:71"
"220","18.519923","25.59.115.113","25.114.157.253","TCP","60","53036  >  1234 [ACK] Seq=57 Ack=141 Win=65120 Len=0"
"221","18.706444","25.59.115.113","25.114.157.253","TCP","60","53036  >  1234 [PSH, ACK] Seq=57 Ack=141 Win=65120 Len=1"
"222","18.744695","25.94.9.254","25.114.157.253","TCP","60","55805  >  1234 [PSH, ACK] Seq=171 Ack=1 Win=65472 Len=5"
"223","18.746936","25.114.157.253","25.59.115.113","TCP","54","1234  >  53036 [ACK] Seq=141 Ack=58 Win=65325 Len=0"
"224","18.785307","25.114.157.253","25.94.9.254","TCP","54","1234  >  55805 [ACK] Seq=1 Ack=176 Win=64537 Len=0"
"225","19.073931","25.59.115.113","25.114.157.253","TCP","60","53036  >  1234 [PSH, ACK] Seq=58 Ack=141 Win=65120 Len=1"
"226","19.076610","25.114.157.253","25.59.115.113","TCP","58","1234  >  53036 [PSH, ACK] Seq=141 Ack=59 Win=65324 Len=4"
"227","19.166559","25.59.115.113","25.114.157.253","TCP","60","53036  >  1234 [ACK] Seq=59 Ack=145 Win=65116 Len=0"
"228","19.274157","25.94.9.254","25.114.157.253","TCP","60","55805  >  1234 [PSH, ACK] Seq=176 Ack=1 Win=65472 Len=5"
"229","19.314755","25.114.157.253","25.94.9.254","TCP","54","1234  >  55805 [ACK] Seq=1 Ack=181 Win=64532 Len=0"
"230","19.472951","25.59.115.113","25.114.157.253","TCP","60","53036  >  1234 [PSH, ACK] Seq=59 Ack=145 Win=65116 Len=1"
"231","19.476254","25.114.157.253","25.59.115.113","TCP","58","1234  >  53036 [PSH, ACK] Seq=145 Ack=60 Win=65323 Len=4"
"232","19.582473","25.59.115.113","25.114.157.253","TCP","60","53036  >  1234 [ACK] Seq=60 Ack=149 Win=65112 Len=0"
"233","19.781900","25.59.115.113","25.114.157.253","TCP","60","53036  >  1234 [PSH, ACK] Seq=60 Ack=149 Win=65112 Len=1"
"234","19.803902","25.94.9.254","25.114.157.253","TCP","60","55805  >  1234 [PSH, ACK] Seq=181 Ack=1 Win=65472 Len=5"
"235","19.822574","25.114.157.253","25.59.115.113","TCP","54","1234  >  53036 [ACK] Seq=149 Ack=61 Win=65322 Len=0"
"236","19.845247","25.114.157.253","25.94.9.254","TCP","54","1234  >  55805 [ACK] Seq=1 Ack=186 Win=64527 Len=0"
"237","20.040897","25.59.115.113","25.114.157.253","TCP","60","53036  >  1234 [PSH, ACK] Seq=61 Ack=149 Win=65112 Len=1"
"238","20.042016","25.114.157.253","25.59.115.113","TCP","58","1234  >  53036 [PSH, ACK] Seq=149 Ack=62 Win=65321 Len=4"
"239","20.150240","25.59.115.113","25.114.157.253","TCP","60","53036  >  1234 [ACK] Seq=62 Ack=153 Win=65108 Len=0"
"240","20.320691","25.94.9.254","25.114.157.253","TCP","60","55805  >  1234 [PSH, ACK] Seq=186 Ack=1 Win=65472 Len=5"
"241","20.334065","25.59.115.113","25.114.157.253","TCP","60","53036  >  1234 [PSH, ACK] Seq=62 Ack=153 Win=65108 Len=1"
"242","20.336625","25.114.157.253","25.59.115.113","TCP","58","1234  >  53036 [PSH, ACK] Seq=153 Ack=63 Win=65320 Len=4"
"243","20.360714","25.114.157.253","25.94.9.254","TCP","54","1234  >  55805 [ACK] Seq=1 Ack=191 Win=64522 Len=0"
"244","20.437094","25.59.115.113","25.114.157.253","TCP","60","53036  >  1234 [ACK] Seq=63 Ack=157 Win=65104 Len=0"
"245","20.652515","25.59.115.113","25.114.157.253","TCP","60","53036  >  1234 [PSH, ACK] Seq=63 Ack=157 Win=65104 Len=1"
"246","20.692817","25.114.157.253","25.59.115.113","TCP","54","1234  >  53036 [ACK] Seq=157 Ack=64 Win=65319 Len=0"
"247","20.849916","25.94.9.254","25.114.157.253","TCP","60","55805  >  1234 [PSH, ACK] Seq=191 Ack=1 Win=65472 Len=5"
"248","20.890643","25.114.157.253","25.94.9.254","TCP","54","1234  >  55805 [ACK] Seq=1 Ack=196 Win=64517 Len=0"
"249","21.023950","25.59.115.113","25.114.157.253","TCP","60","53036  >  1234 [PSH, ACK] Seq=64 Ack=157 Win=65104 Len=1"
"250","21.026295","25.114.157.253","25.59.115.113","TCP","58","1234  >  53036 [PSH, ACK] Seq=157 Ack=65 Win=65318 Len=4"
"251","21.129875","25.59.115.113","25.114.157.253","TCP","60","53036  >  1234 [ACK] Seq=65 Ack=161 Win=65100 Len=0"
"252","21.333860","25.59.115.113","25.114.157.253","TCP","60","53036  >  1234 [PSH, ACK] Seq=65 Ack=161 Win=65100 Len=1"
"253","21.374681","25.114.157.253","25.59.115.113","TCP","54","1234  >  53036 [ACK] Seq=161 Ack=66 Win=65317 Len=0"
"254","21.378827","25.94.9.254","25.114.157.253","TCP","60","55805  >  1234 [PSH, ACK] Seq=196 Ack=1 Win=65472 Len=5"
"255","21.419483","25.114.157.253","25.94.9.254","TCP","54","1234  >  55805 [ACK] Seq=1 Ack=201 Win=64512 Len=0"
"256","21.473570","25.59.115.113","25.255.255.255","UDP","86","57621  >  57621 Len=44"
"257","21.703145","25.59.115.113","25.114.157.253","TCP","60","53036  >  1234 [PSH, ACK] Seq=66 Ack=161 Win=65100 Len=1"
"258","21.706475","25.114.157.253","25.59.115.113","TCP","58","1234  >  53036 [PSH, ACK] Seq=161 Ack=67 Win=65316 Len=4"
"259","21.813968","25.59.115.113","25.114.157.253","TCP","60","53036  >  1234 [ACK] Seq=67 Ack=165 Win=65096 Len=0"
"260","21.906197","25.94.9.254","25.114.157.253","TCP","60","55805  >  1234 [PSH, ACK] Seq=201 Ack=1 Win=65472 Len=5"
"261","21.947660","25.114.157.253","25.94.9.254","TCP","54","1234  >  55805 [ACK] Seq=1 Ack=206 Win=64507 Len=0"
"262","21.995462","25.59.115.113","25.114.157.253","TCP","60","53036  >  1234 [PSH, ACK] Seq=67 Ack=165 Win=65096 Len=1"
"263","21.997982","25.114.157.253","25.59.115.113","TCP","58","1234  >  53036 [PSH, ACK] Seq=165 Ack=68 Win=65315 Len=4"
"264","22.105289","25.59.115.113","25.114.157.253","TCP","60","53036  >  1234 [ACK] Seq=68 Ack=169 Win=65092 Len=0"
"265","22.491093","25.94.9.254","25.114.157.253","TCP","60","55805  >  1234 [PSH, ACK] Seq=206 Ack=1 Win=65472 Len=5"
"266","22.531726","25.114.157.253","25.94.9.254","TCP","54","1234  >  55805 [ACK] Seq=1 Ack=211 Win=64502 Len=0"
"267","22.754099","25.59.115.113","25.114.157.253","TCP","60","53036  >  1234 [PSH, ACK] Seq=68 Ack=169 Win=65092 Len=1"
"268","22.758412","25.114.157.253","25.59.115.113","TCP","58","1234  >  53036 [PSH, ACK] Seq=169 Ack=69 Win=65314 Len=4"
"269","23.029584","25.94.9.254","25.114.157.253","TCP","60","55805  >  1234 [PSH, ACK] Seq=211 Ack=1 Win=65472 Len=5"
"270","23.059563","25.114.157.253","25.59.115.113","TCP","58","[TCP Retransmission] 1234  >  53036 [PSH, ACK] Seq=169 Ack=69 Win=65314 Len=4"
"271","23.070597","25.114.157.253","25.94.9.254","TCP","54","1234  >  55805 [ACK] Seq=1 Ack=216 Win=64497 Len=0"
"272","23.202974","25.59.115.113","25.114.157.253","TCP","66","[TCP Previous segment not captured] 53036  >  1234 [ACK] Seq=70 Ack=173 Win=65088 Len=0 SLE=169 SRE=173"
"273","23.208613","25.59.115.113","25.114.157.253","TCP","60","53036  >  1234 [PSH, ACK] Seq=69 Ack=173 Win=65088 Len=2"
"274","23.211286","25.114.157.253","25.59.115.113","TCP","58","1234  >  53036 [PSH, ACK] Seq=173 Ack=71 Win=65312 Len=4"
"275","23.305734","25.59.115.113","25.114.157.253","TCP","60","53036  >  1234 [PSH, ACK] Seq=71 Ack=177 Win=65084 Len=1"
"276","23.348517","25.114.157.253","25.59.115.113","TCP","54","1234  >  53036 [ACK] Seq=177 Ack=72 Win=65311 Len=0"
"277","23.578091","25.94.9.254","25.114.157.253","TCP","60","55805  >  1234 [PSH, ACK] Seq=216 Ack=1 Win=65472 Len=5"
"278","23.596264","25.59.115.113","25.114.157.253","TCP","60","53036  >  1234 [PSH, ACK] Seq=72 Ack=177 Win=65084 Len=1"
"279","23.597845","25.114.157.253","25.59.115.113","TCP","58","1234  >  53036 [PSH, ACK] Seq=177 Ack=73 Win=65310 Len=4"
"280","23.618560","25.114.157.253","25.94.9.254","TCP","54","1234  >  55805 [ACK] Seq=1 Ack=221 Win=64492 Len=0"
"281","23.898624","25.114.157.253","25.59.115.113","TCP","58","[TCP Retransmission] 1234  >  53036 [PSH, ACK] Seq=177 Ack=73 Win=65310 Len=4"
"282","23.948796","25.59.115.113","25.114.157.253","TCP","60","53036  >  1234 [PSH, ACK] Seq=73 Ack=181 Win=65080 Len=1"
"283","23.955940","25.59.115.113","25.114.157.253","TCP","66","[TCP Dup ACK 282#1] 53036  >  1234 [ACK] Seq=74 Ack=181 Win=65080 Len=0 SLE=177 SRE=181"
"284","23.988833","25.114.157.253","25.59.115.113","TCP","54","1234  >  53036 [ACK] Seq=181 Ack=74 Win=65309 Len=0"
"285","24.022411","25.94.9.254","25.114.157.253","TCP","60","55805  >  1234 [PSH, ACK] Seq=221 Ack=1 Win=65472 Len=5"
"286","24.062612","25.114.157.253","25.94.9.254","TCP","54","1234  >  55805 [ACK] Seq=1 Ack=226 Win=64487 Len=0"
"287","24.313625","25.59.115.113","25.114.157.253","TCP","60","53036  >  1234 [PSH, ACK] Seq=74 Ack=181 Win=65080 Len=1"
"288","24.317350","25.114.157.253","25.59.115.113","TCP","58","1234  >  53036 [PSH, ACK] Seq=181 Ack=75 Win=65308 Len=4"
"289","24.575813","25.94.9.254","25.114.157.253","TCP","60","55805  >  1234 [PSH, ACK] Seq=226 Ack=1 Win=65472 Len=5"
"290","24.616139","25.114.157.253","25.94.9.254","TCP","54","1234  >  55805 [ACK] Seq=1 Ack=231 Win=64482 Len=0"
"291","24.617191","25.114.157.253","25.59.115.113","TCP","58","[TCP Retransmission] 1234  >  53036 [PSH, ACK] Seq=181 Ack=75 Win=65308 Len=4"
"292","24.623018","25.59.115.113","25.114.157.253","TCP","60","53036  >  1234 [PSH, ACK] Seq=75 Ack=185 Win=65076 Len=1"
"293","24.625740","25.114.157.253","25.59.115.113","TCP","58","1234  >  53036 [PSH, ACK] Seq=185 Ack=76 Win=65307 Len=4"
"294","24.857021","25.59.115.113","25.114.157.253","TCP","60","53036  >  1234 [ACK] Seq=76 Ack=189 Win=65072 Len=0"
"295","25.012790","25.59.115.113","25.114.157.253","TCP","60","53036  >  1234 [PSH, ACK] Seq=76 Ack=189 Win=65072 Len=1"
"296","25.054390","25.114.157.253","25.59.115.113","TCP","54","1234  >  53036 [ACK] Seq=189 Ack=77 Win=65306 Len=0"
"297","25.082912","25.94.9.254","25.114.157.253","TCP","60","55805  >  1234 [PSH, ACK] Seq=231 Ack=1 Win=65472 Len=5"
"298","25.124531","25.114.157.253","25.94.9.254","TCP","54","1234  >  55805 [ACK] Seq=1 Ack=236 Win=64477 Len=0"
"299","25.369377","25.59.115.113","25.114.157.253","TCP","60","53036  >  1234 [PSH, ACK] Seq=77 Ack=189 Win=65072 Len=1"
"300","25.372374","25.114.157.253","25.59.115.113","TCP","58","1234  >  53036 [PSH, ACK] Seq=189 Ack=78 Win=65305 Len=4"
"301","25.540808","25.59.115.113","25.114.157.253","TCP","60","53036  >  1234 [ACK] Seq=78 Ack=193 Win=65068 Len=0"
"302","25.611620","25.94.9.254","25.114.157.253","TCP","60","55805  >  1234 [PSH, ACK] Seq=236 Ack=1 Win=65472 Len=5"
"303","25.651826","25.114.157.253","25.94.9.254","TCP","54","1234  >  55805 [ACK] Seq=1 Ack=241 Win=64472 Len=0"
"304","25.665243","25.59.115.113","25.114.157.253","TCP","60","53036  >  1234 [PSH, ACK] Seq=78 Ack=193 Win=65068 Len=1"
"305","25.668674","25.114.157.253","25.59.115.113","TCP","58","1234  >  53036 [PSH, ACK] Seq=193 Ack=79 Win=65304 Len=4"
"306","25.796393","25.59.115.113","25.114.157.253","TCP","60","53036  >  1234 [ACK] Seq=79 Ack=197 Win=65064 Len=0"
"307","25.942575","25.59.115.113","25.114.157.253","TCP","60","53036  >  1234 [PSH, ACK] Seq=79 Ack=197 Win=65064 Len=1"
"308","25.982938","25.114.157.253","25.59.115.113","TCP","54","1234  >  53036 [ACK] Seq=197 Ack=80 Win=65303 Len=0"
"309","26.131483","25.94.9.254","25.114.157.253","TCP","60","55805  >  1234 [PSH, ACK] Seq=241 Ack=1 Win=65472 Len=5"
"310","26.172190","25.114.157.253","25.94.9.254","TCP","54","1234  >  55805 [ACK] Seq=1 Ack=246 Win=64467 Len=0"
"311","26.176058","25.59.115.113","25.114.157.253","TCP","60","53036  >  1234 [PSH, ACK] Seq=80 Ack=197 Win=65064 Len=1"
"312","26.179112","25.114.157.253","25.59.115.113","TCP","58","1234  >  53036 [PSH, ACK] Seq=197 Ack=81 Win=65302 Len=4"
"313","26.426917","25.59.115.113","25.114.157.253","TCP","60","53036  >  1234 [ACK] Seq=81 Ack=201 Win=65060 Len=0"
"314","26.708596","25.94.9.254","25.114.157.253","TCP","60","55805  >  1234 [PSH, ACK] Seq=246 Ack=1 Win=65472 Len=5"
"315","26.748789","25.114.157.253","25.94.9.254","TCP","54","1234  >  55805 [ACK] Seq=1 Ack=251 Win=64462 Len=0"
"316","26.953611","25.59.115.113","25.114.157.253","TCP","60","53036  >  1234 [PSH, ACK] Seq=81 Ack=201 Win=65060 Len=1"
"317","26.956948","25.114.157.253","25.59.115.113","TCP","58","1234  >  53036 [PSH, ACK] Seq=201 Ack=82 Win=65301 Len=4"
"318","27.239017","25.94.9.254","25.114.157.253","TCP","60","55805  >  1234 [PSH, ACK] Seq=251 Ack=1 Win=65472 Len=5"
"319","27.280973","25.114.157.253","25.94.9.254","TCP","54","1234  >  55805 [ACK] Seq=1 Ack=256 Win=64457 Len=0"
"320","27.327851","25.114.157.253","25.59.115.113","TCP","58","[TCP Retransmission] 1234  >  53036 [PSH, ACK] Seq=201 Ack=82 Win=65301 Len=4"
"321","27.386336","25.59.115.113","25.114.157.253","TCP","60","53036  >  1234 [PSH, ACK] Seq=82 Ack=205 Win=65056 Len=2"
"322","27.390651","25.114.157.253","25.59.115.113","TCP","58","1234  >  53036 [PSH, ACK] Seq=205 Ack=84 Win=65299 Len=4"
"323","27.451951","25.59.115.113","25.114.157.253","TCP","66","[TCP Keep-Alive] 53036  >  1234 [ACK] Seq=83 Ack=205 Win=65056 Len=0 SLE=201 SRE=205"
"324","27.452029","25.114.157.253","25.59.115.113","TCP","54","[TCP Keep-Alive ACK] 1234  >  53036 [ACK] Seq=209 Ack=84 Win=65299 Len=0"
"325","27.513885","25.59.115.113","25.114.157.253","TCP","60","53036  >  1234 [ACK] Seq=84 Ack=209 Win=65052 Len=0"
"326","27.747976","25.59.115.113","25.114.157.253","TCP","60","53036  >  1234 [PSH, ACK] Seq=84 Ack=209 Win=65052 Len=1"
"327","27.758154","25.94.9.254","25.114.157.253","TCP","60","55805  >  1234 [PSH, ACK] Seq=256 Ack=1 Win=65472 Len=5"
"328","27.788738","25.114.157.253","25.59.115.113","TCP","54","1234  >  53036 [ACK] Seq=209 Ack=85 Win=65298 Len=0"
"329","27.799709","25.114.157.253","25.94.9.254","TCP","54","1234  >  55805 [ACK] Seq=1 Ack=261 Win=64452 Len=0"
"330","27.955994","25.59.115.113","25.114.157.253","TCP","60","53036  >  1234 [PSH, ACK] Seq=84 Ack=209 Win=65052 Len=2"
"331","27.956089","25.114.157.253","25.59.115.113","TCP","66","[TCP ACKed unseen segment] 1234  >  53036 [ACK] Seq=209 Ack=86 Win=65297 Len=0 SLE=84 SRE=85"
"332","27.958648","25.114.157.253","25.59.115.113","TCP","58","1234  >  53036 [PSH, ACK] Seq=209 Ack=86 Win=65297 Len=4"
"333","27.959170","25.59.115.113","25.114.157.253","TCP","60","[TCP Keep-Alive] 53036  >  1234 [PSH, ACK] Seq=85 Ack=209 Win=65052 Len=1"
"334","27.959248","25.114.157.253","25.59.115.113","TCP","66","[TCP Keep-Alive ACK] 1234  >  53036 [ACK] Seq=213 Ack=86 Win=65297 Len=0 SLE=85 SRE=86"
"335","28.071109","25.59.115.113","25.114.157.253","TCP","60","53036  >  1234 [ACK] Seq=86 Ack=213 Win=65048 Len=0"
"336","28.256950","25.59.115.113","25.114.157.253","TCP","60","53036  >  1234 [PSH, ACK] Seq=86 Ack=213 Win=65048 Len=1"
"337","28.286031","25.94.9.254","25.114.157.253","TCP","60","55805  >  1234 [PSH, ACK] Seq=261 Ack=1 Win=65472 Len=5"
"338","28.298623","25.114.157.253","25.59.115.113","TCP","54","1234  >  53036 [ACK] Seq=213 Ack=87 Win=65296 Len=0"
"339","28.327572","25.114.157.253","25.94.9.254","TCP","54","1234  >  55805 [ACK] Seq=1 Ack=266 Win=64447 Len=0"
"340","28.634144","25.59.115.113","25.114.157.253","TCP","60","53036  >  1234 [PSH, ACK] Seq=87 Ack=213 Win=65048 Len=1"
"341","28.637368","25.114.157.253","25.59.115.113","TCP","58","1234  >  53036 [PSH, ACK] Seq=213 Ack=88 Win=65295 Len=4"
"342","28.741096","25.59.115.113","25.114.157.253","TCP","60","53036  >  1234 [ACK] Seq=88 Ack=217 Win=65044 Len=0"
"343","28.812835","25.94.9.254","25.114.157.253","TCP","60","55805  >  1234 [PSH, ACK] Seq=266 Ack=1 Win=65472 Len=5"
"344","28.853707","25.114.157.253","25.94.9.254","TCP","54","1234  >  55805 [ACK] Seq=1 Ack=271 Win=64442 Len=0"
"345","28.941232","25.59.115.113","25.114.157.253","TCP","60","53036  >  1234 [PSH, ACK] Seq=88 Ack=217 Win=65044 Len=1"
"346","28.944199","25.114.157.253","25.59.115.113","TCP","58","1234  >  53036 [PSH, ACK] Seq=217 Ack=89 Win=65294 Len=4"
"347","29.054165","25.59.115.113","25.114.157.253","TCP","60","53036  >  1234 [ACK] Seq=89 Ack=221 Win=65040 Len=0"
"348","29.261112","25.59.115.113","25.114.157.253","TCP","60","53036  >  1234 [PSH, ACK] Seq=89 Ack=221 Win=65040 Len=1"
"349","29.302055","25.114.157.253","25.59.115.113","TCP","54","1234  >  53036 [ACK] Seq=221 Ack=90 Win=65293 Len=0"
"350","29.330822","25.94.9.254","25.114.157.253","TCP","60","55805  >  1234 [PSH, ACK] Seq=271 Ack=1 Win=65472 Len=5"
"351","29.373559","25.114.157.253","25.94.9.254","TCP","54","1234  >  55805 [ACK] Seq=1 Ack=276 Win=64437 Len=0"
"352","29.440930","25.59.115.113","25.255.255.255","BROWSER","243","Host Announcement DESKTOP-328MM0M, Workstation, Server, SQL Server, NT Workstation"
"353","29.648283","25.59.115.113","25.114.157.253","TCP","60","53036  >  1234 [PSH, ACK] Seq=90 Ack=221 Win=65040 Len=1"
"354","29.651005","25.114.157.253","25.59.115.113","TCP","58","1234  >  53036 [PSH, ACK] Seq=221 Ack=91 Win=65292 Len=4"
"355","29.753782","25.59.115.113","25.114.157.253","TCP","60","53036  >  1234 [ACK] Seq=91 Ack=225 Win=65036 Len=0"
"356","29.847604","25.94.9.254","25.114.157.253","TCP","60","55805  >  1234 [PSH, ACK] Seq=276 Ack=1 Win=65472 Len=5"
"357","29.888288","25.114.157.253","25.94.9.254","TCP","54","1234  >  55805 [ACK] Seq=1 Ack=281 Win=64432 Len=0"
"358","29.976457","25.94.9.254","224.0.0.251","MDNS","298","Standard query response 0x0000 PTR DESKTOP-VCR78JC._dosvc._tcp.local SRV 0 0 7680 DESKTOP-VCR78JC.local TXT"
"359","29.978271","fe80::25d0:5544:eec4:c91f","ff02::fb","MDNS","318","Standard query response 0x0000 PTR DESKTOP-VCR78JC._dosvc._tcp.local SRV 0 0 7680 DESKTOP-VCR78JC.local TXT"
"360","29.979159","25.94.9.254","224.0.0.251","MDNS","93","Standard query 0x0000 ANY DESKTOP-VCR78JC._dosvc._tcp.local, ""QM"" question"
"361","29.980368","fe80::25d0:5544:eec4:c91f","ff02::fb","MDNS","113","Standard query 0x0000 ANY DESKTOP-VCR78JC._dosvc._tcp.local, ""QM"" question"
"362","29.980508","25.59.115.113","25.114.157.253","TCP","60","53036  >  1234 [PSH, ACK] Seq=91 Ack=225 Win=65036 Len=1"
"363","29.982863","25.114.157.253","25.59.115.113","TCP","58","1234  >  53036 [PSH, ACK] Seq=225 Ack=92 Win=65291 Len=4"
"364","30.243811","25.94.9.254","224.0.0.251","MDNS","93","Standard query 0x0000 ANY DESKTOP-VCR78JC._dosvc._tcp.local, ""QM"" question"
"365","30.243840","fe80::25d0:5544:eec4:c91f","ff02::fb","MDNS","113","Standard query 0x0000 ANY DESKTOP-VCR78JC._dosvc._tcp.local, ""QM"" question"
"366","30.283741","25.114.157.253","25.59.115.113","TCP","58","[TCP Retransmission] 1234  >  53036 [PSH, ACK] Seq=225 Ack=92 Win=65291 Len=4"
"367","30.294945","25.59.115.113","25.114.157.253","TCP","60","[TCP Keep-Alive] 53036  >  1234 [PSH, ACK] Seq=91 Ack=225 Win=65036 Len=1"
"368","30.295006","25.114.157.253","25.59.115.113","TCP","66","[TCP Keep-Alive ACK] 1234  >  53036 [ACK] Seq=229 Ack=92 Win=65291 Len=0 SLE=91 SRE=92"
"369","30.364638","25.94.9.254","25.114.157.253","TCP","60","55805  >  1234 [PSH, ACK] Seq=281 Ack=1 Win=65472 Len=5"
"370","30.376117","25.59.115.113","25.114.157.253","TCP","60","53036  >  1234 [PSH, ACK] Seq=92 Ack=229 Win=65032 Len=1"
"371","30.377258","25.114.157.253","25.59.115.113","TCP","58","1234  >  53036 [PSH, ACK] Seq=229 Ack=93 Win=65290 Len=4"
"372","30.405753","25.114.157.253","25.94.9.254","TCP","54","1234  >  55805 [ACK] Seq=1 Ack=286 Win=64427 Len=0"
"373","30.407303","25.94.9.254","25.255.255.255","NBNS","92","Name query NB WORKGROUP<1c>"
"374","30.493282","25.94.9.254","224.0.0.251","MDNS","93","Standard query 0x0000 ANY DESKTOP-VCR78JC._dosvc._tcp.local, ""QM"" question"
"375","30.494263","fe80::25d0:5544:eec4:c91f","ff02::fb","MDNS","113","Standard query 0x0000 ANY DESKTOP-VCR78JC._dosvc._tcp.local, ""QM"" question"
"376","30.677713","25.114.157.253","25.59.115.113","TCP","58","[TCP Retransmission] 1234  >  53036 [PSH, ACK] Seq=229 Ack=93 Win=65290 Len=4"
"377","30.685022","25.59.115.113","25.114.157.253","TCP","60","53036  >  1234 [PSH, ACK] Seq=92 Ack=229 Win=65032 Len=2"
"378","30.686500","25.114.157.253","25.59.115.113","TCP","66","[TCP ACKed unseen segment] 1234  >  53036 [ACK] Seq=233 Ack=94 Win=65289 Len=0 SLE=92 SRE=93"
"379","30.727093","25.59.115.113","25.114.157.253","TCP","60","[TCP Keep-Alive] 53036  >  1234 [PSH, ACK] Seq=93 Ack=233 Win=65028 Len=1"
"380","30.727181","25.114.157.253","25.59.115.113","TCP","66","[TCP Keep-Alive ACK] 1234  >  53036 [ACK] Seq=233 Ack=94 Win=65289 Len=0 SLE=93 SRE=94"
"381","30.762388","25.94.9.254","224.0.0.251","MDNS","391","Standard query response 0x0000 PTR DESKTOP-VCR78JC._dosvc._tcp.local SRV 0 0 7680 DESKTOP-VCR78JC.local TXT A 25.94.9.254 AAAA 2620:9b::195e:9fe AAAA fe80::25d0:5544:eec4:c91f"
"382","30.763386","fe80::25d0:5544:eec4:c91f","ff02::fb","MDNS","411","Standard query response 0x0000 PTR DESKTOP-VCR78JC._dosvc._tcp.local SRV 0 0 7680 DESKTOP-VCR78JC.local TXT A 25.94.9.254 AAAA 2620:9b::195e:9fe AAAA fe80::25d0:5544:eec4:c91f"
"383","30.765253","25.94.9.254","224.0.0.251","MDNS","327","Standard query response 0x0000 SRV 0 0 7680 DESKTOP-VCR78JC.local TXT A 25.94.9.254 AAAA 2620:9b::195e:9fe AAAA fe80::25d0:5544:eec4:c91f"
"384","30.767174","fe80::25d0:5544:eec4:c91f","ff02::fb","MDNS","347","Standard query response 0x0000 SRV 0 0 7680 DESKTOP-VCR78JC.local TXT A 25.94.9.254 AAAA 2620:9b::195e:9fe AAAA fe80::25d0:5544:eec4:c91f"
"385","30.882534","25.94.9.254","25.114.157.253","TCP","60","55805  >  1234 [PSH, ACK] Seq=286 Ack=1 Win=65472 Len=5"
"386","30.922982","25.114.157.253","25.94.9.254","TCP","54","1234  >  55805 [ACK] Seq=1 Ack=291 Win=64422 Len=0"
"387","30.991838","25.59.115.113","25.114.157.253","TCP","60","53036  >  1234 [PSH, ACK] Seq=94 Ack=233 Win=65028 Len=1"
"388","30.994055","25.114.157.253","25.59.115.113","TCP","58","1234  >  53036 [PSH, ACK] Seq=233 Ack=95 Win=65288 Len=4"
"389","31.099794","25.59.115.113","25.114.157.253","TCP","60","53036  >  1234 [ACK] Seq=95 Ack=237 Win=65024 Len=0"
"390","31.165919","25.94.9.254","25.255.255.255","NBNS","92","Name query NB WORKGROUP<1c>"
"391","31.298715","25.59.115.113","25.114.157.253","TCP","60","53036  >  1234 [PSH, ACK] Seq=95 Ack=237 Win=65024 Len=1"
"392","31.341576","25.114.157.253","25.59.115.113","TCP","54","1234  >  53036 [ACK] Seq=237 Ack=96 Win=65287 Len=0"
"393","31.694773","25.59.115.113","25.114.157.253","TCP","60","53036  >  1234 [PSH, ACK] Seq=96 Ack=237 Win=65024 Len=1"
"394","31.734960","25.114.157.253","25.59.115.113","TCP","54","1234  >  53036 [ACK] Seq=237 Ack=97 Win=65286 Len=0"
"395","31.921874","25.94.9.254","25.255.255.255","NBNS","92","Name query NB WORKGROUP<1c>"
"396","31.922132","25.94.9.254","25.114.157.253","TCP","60","55805  >  1234 [PSH, ACK] Seq=291 Ack=1 Win=65472 Len=5"
"397","31.962472","25.114.157.253","25.94.9.254","TCP","54","1234  >  55805 [ACK] Seq=1 Ack=296 Win=64417 Len=0"
"398","32.196819","25.59.115.113","25.114.157.253","TCP","60","53036  >  1234 [PSH, ACK] Seq=97 Ack=237 Win=65024 Len=1"
"399","32.199854","25.114.157.253","25.59.115.113","TCP","58","1234  >  53036 [PSH, ACK] Seq=237 Ack=98 Win=65285 Len=4"
"400","32.474033","25.94.9.254","25.114.157.253","TCP","60","55805  >  1234 [PSH, ACK] Seq=296 Ack=1 Win=65472 Len=5"
"401","32.478333","25.59.115.113","25.114.157.253","TCP","60","53036  >  1234 [PSH, ACK] Seq=98 Ack=241 Win=65020 Len=1"
"402","32.479513","25.114.157.253","25.59.115.113","TCP","58","1234  >  53036 [PSH, ACK] Seq=241 Ack=99 Win=65284 Len=4"
"403","32.514668","25.114.157.253","25.94.9.254","TCP","54","1234  >  55805 [ACK] Seq=1 Ack=301 Win=64412 Len=0"
"404","32.751479","25.59.115.113","25.114.157.253","TCP","60","53036  >  1234 [PSH, ACK] Seq=99 Ack=245 Win=65016 Len=1"
"405","32.792189","25.114.157.253","25.59.115.113","TCP","54","1234  >  53036 [ACK] Seq=245 Ack=100 Win=65283 Len=0"
"406","33.028315","25.94.9.254","25.114.157.253","TCP","60","55805  >  1234 [PSH, ACK] Seq=301 Ack=1 Win=65472 Len=5"
"407","33.028378","25.59.115.113","25.114.157.253","TCP","60","53036  >  1234 [PSH, ACK] Seq=100 Ack=245 Win=65016 Len=1"
"408","33.035811","25.114.157.253","25.59.115.113","TCP","58","1234  >  53036 [PSH, ACK] Seq=245 Ack=101 Win=65282 Len=4"
"409","33.073886","25.114.157.253","25.94.9.254","TCP","54","1234  >  55805 [ACK] Seq=1 Ack=306 Win=64407 Len=0"
"410","33.305052","25.59.115.113","25.114.157.253","TCP","60","53036  >  1234 [ACK] Seq=101 Ack=249 Win=65012 Len=0"
"411","33.344360","25.59.115.113","25.114.157.253","TCP","60","53036  >  1234 [PSH, ACK] Seq=101 Ack=249 Win=65012 Len=1"
"412","33.385467","25.114.157.253","25.59.115.113","TCP","54","1234  >  53036 [ACK] Seq=249 Ack=102 Win=65281 Len=0"
"413","33.584855","25.94.9.254","25.114.157.253","TCP","60","55805  >  1234 [PSH, ACK] Seq=306 Ack=1 Win=65472 Len=5"
"414","33.625627","25.114.157.253","25.94.9.254","TCP","54","1234  >  55805 [ACK] Seq=1 Ack=311 Win=64402 Len=0"
"415","33.775973","25.59.115.113","25.114.157.253","TCP","60","53036  >  1234 [PSH, ACK] Seq=102 Ack=249 Win=65012 Len=1"
"416","33.779508","25.114.157.253","25.59.115.113","TCP","58","1234  >  53036 [PSH, ACK] Seq=249 Ack=103 Win=65280 Len=4"
"417","33.876983","25.59.115.113","25.114.157.253","TCP","60","53036  >  1234 [ACK] Seq=103 Ack=253 Win=65008 Len=0"
"418","34.016163","25.94.9.254","25.114.157.253","TCP","60","55805  >  1234 [PSH, ACK] Seq=311 Ack=1 Win=65472 Len=5"
"419","34.057024","25.114.157.253","25.94.9.254","TCP","54","1234  >  55805 [ACK] Seq=1 Ack=316 Win=64397 Len=0"
"420","34.480515","25.59.115.113","25.114.157.253","TCP","60","53036  >  1234 [PSH, ACK] Seq=103 Ack=253 Win=65008 Len=1"
"421","34.484191","25.114.157.253","25.59.115.113","TCP","58","1234  >  53036 [PSH, ACK] Seq=253 Ack=104 Win=65279 Len=4"
"422","34.540906","25.94.9.254","25.114.157.253","TCP","60","55805  >  1234 [PSH, ACK] Seq=316 Ack=1 Win=65472 Len=5"
"423","34.580640","25.114.157.253","25.94.9.254","TCP","54","1234  >  55805 [ACK] Seq=1 Ack=321 Win=64392 Len=0"
"424","34.755851","25.59.115.113","25.114.157.253","TCP","60","53036  >  1234 [PSH, ACK] Seq=103 Ack=253 Win=65008 Len=2"
"425","34.755915","25.114.157.253","25.59.115.113","TCP","66","[TCP ACKed unseen segment] 1234  >  53036 [ACK] Seq=257 Ack=105 Win=65278 Len=0 SLE=103 SRE=104"
"426","34.890187","25.59.115.113","25.114.157.253","TCP","60","53036  >  1234 [PSH, ACK] Seq=105 Ack=253 Win=65008 Len=1"
"427","34.891345","25.114.157.253","25.59.115.113","TCP","58","1234  >  53036 [PSH, ACK] Seq=257 Ack=106 Win=65277 Len=4"
"428","34.927729","25.114.157.253","25.59.115.113","TCP","62","[TCP Retransmission] 1234  >  53036 [PSH, ACK] Seq=253 Ack=106 Win=65277 Len=8"
"429","35.107003","25.59.115.113","25.114.157.253","TCP","66","[TCP Dup ACK 417#1] 53036  >  1234 [ACK] Seq=106 Ack=253 Win=65008 Len=0 SLE=257 SRE=261"
"430","35.107127","25.94.9.254","25.114.157.253","TCP","60","55805  >  1234 [PSH, ACK] Seq=321 Ack=1 Win=65472 Len=5"
"431","35.107301","25.59.115.113","25.114.157.253","TCP","66","53036  >  1234 [ACK] Seq=106 Ack=261 Win=65000 Len=0 SLE=257 SRE=261"
"432","35.148588","25.114.157.253","25.94.9.254","TCP","54","1234  >  55805 [ACK] Seq=1 Ack=326 Win=64387 Len=0"
"433","35.371324","25.59.115.113","25.114.157.253","TCP","60","53036  >  1234 [PSH, ACK] Seq=106 Ack=261 Win=65000 Len=1"
"434","35.373812","25.114.157.253","25.59.115.113","TCP","58","1234  >  53036 [PSH, ACK] Seq=261 Ack=107 Win=65276 Len=4"
"435","35.535786","25.59.115.113","25.114.157.253","TCP","60","53036  >  1234 [ACK] Seq=107 Ack=265 Win=64996 Len=0"
"436","35.552272","25.59.115.113","25.114.157.253","TCP","60","53036  >  1234 [PSH, ACK] Seq=107 Ack=265 Win=64996 Len=1"
"437","35.578257","25.94.9.254","25.114.157.253","TCP","60","55805  >  1234 [PSH, ACK] Seq=326 Ack=1 Win=65472 Len=5"
"438","35.593661","25.114.157.253","25.59.115.113","TCP","54","1234  >  53036 [ACK] Seq=265 Ack=108 Win=65275 Len=0"
"439","35.618622","25.114.157.253","25.94.9.254","TCP","54","1234  >  55805 [ACK] Seq=1 Ack=331 Win=64382 Len=0"
"440","35.903219","25.59.115.113","25.114.157.253","TCP","60","53036  >  1234 [PSH, ACK] Seq=108 Ack=265 Win=64996 Len=1"
"441","35.907560","25.114.157.253","25.59.115.113","TCP","58","1234  >  53036 [PSH, ACK] Seq=265 Ack=109 Win=65274 Len=4"
"442","36.164034","25.59.115.113","25.114.157.253","TCP","60","53036  >  1234 [ACK] Seq=109 Ack=269 Win=64992 Len=0"
"443","36.164205","25.94.9.254","25.114.157.253","TCP","60","55805  >  1234 [PSH, ACK] Seq=331 Ack=1 Win=65472 Len=5"
"444","36.164370","25.59.115.113","25.114.157.253","TCP","60","53036  >  1234 [PSH, ACK] Seq=109 Ack=269 Win=64992 Len=1"
"445","36.167418","25.114.157.253","25.59.115.113","TCP","58","1234  >  53036 [PSH, ACK] Seq=269 Ack=110 Win=65273 Len=4"
"446","36.205086","25.114.157.253","25.94.9.254","TCP","54","1234  >  55805 [ACK] Seq=1 Ack=336 Win=64377 Len=0"
"447","36.423358","25.59.115.113","25.114.157.253","TCP","60","53036  >  1234 [ACK] Seq=110 Ack=273 Win=64988 Len=0"
"448","36.423826","25.59.115.113","25.114.157.253","TCP","60","53036  >  1234 [PSH, ACK] Seq=110 Ack=273 Win=64988 Len=1"
"449","36.463769","25.114.157.253","25.59.115.113","TCP","54","1234  >  53036 [ACK] Seq=273 Ack=111 Win=65272 Len=0"
"450","36.687529","25.94.9.254","25.114.157.253","TCP","60","55805  >  1234 [PSH, ACK] Seq=336 Ack=1 Win=65472 Len=5"
"451","36.689373","25.59.115.113","25.114.157.253","TCP","60","53036  >  1234 [PSH, ACK] Seq=111 Ack=273 Win=64988 Len=1"
"452","36.692005","25.114.157.253","25.59.115.113","TCP","58","1234  >  53036 [PSH, ACK] Seq=273 Ack=112 Win=65271 Len=4"
"453","36.727791","25.114.157.253","25.94.9.254","TCP","54","1234  >  55805 [ACK] Seq=1 Ack=341 Win=64372 Len=0"
"454","37.158533","25.114.157.253","25.59.115.113","TCP","58","[TCP Retransmission] 1234  >  53036 [PSH, ACK] Seq=273 Ack=112 Win=65271 Len=4"
"455","37.213636","25.94.9.254","25.114.157.253","TCP","60","55805  >  1234 [PSH, ACK] Seq=341 Ack=1 Win=65472 Len=5"
"456","37.213727","25.59.115.113","25.114.157.253","TCP","66","[TCP Previous segment not captured] 53036  >  1234 [ACK] Seq=113 Ack=277 Win=64984 Len=0 SLE=273 SRE=277"
"457","37.254101","25.114.157.253","25.94.9.254","TCP","54","1234  >  55805 [ACK] Seq=1 Ack=346 Win=64367 Len=0"
"458","37.647174","25.59.115.113","25.114.157.253","TCP","60","53036  >  1234 [PSH, ACK] Seq=112 Ack=277 Win=64984 Len=2"
"459","37.650334","25.114.157.253","25.59.115.113","TCP","58","1234  >  53036 [PSH, ACK] Seq=277 Ack=114 Win=65269 Len=4"
"460","37.678167","25.94.9.254","25.114.157.253","TCP","60","55805  >  1234 [PSH, ACK] Seq=346 Ack=1 Win=65472 Len=5"
"461","37.721632","25.114.157.253","25.94.9.254","TCP","54","1234  >  55805 [ACK] Seq=1 Ack=351 Win=64362 Len=0"
"462","37.740608","25.59.115.113","25.114.157.253","TCP","60","53036  >  1234 [PSH, ACK] Seq=114 Ack=281 Win=64980 Len=1"
"463","37.742965","25.114.157.253","25.59.115.113","TCP","58","1234  >  53036 [PSH, ACK] Seq=281 Ack=115 Win=65268 Len=4"
"464","38.005460","25.59.115.113","25.114.157.253","TCP","60","53036  >  1234 [ACK] Seq=115 Ack=285 Win=64976 Len=0"
"465","38.017996","25.59.115.113","25.114.157.253","TCP","60","53036  >  1234 [PSH, ACK] Seq=115 Ack=285 Win=64976 Len=1"
"466","38.059761","25.114.157.253","25.59.115.113","TCP","54","1234  >  53036 [ACK] Seq=285 Ack=116 Win=65267 Len=0"
"467","38.207646","25.94.9.254","25.114.157.253","TCP","60","55805  >  1234 [PSH, ACK] Seq=351 Ack=1 Win=65472 Len=5"
"468","38.248636","25.114.157.253","25.94.9.254","TCP","54","1234  >  55805 [ACK] Seq=1 Ack=356 Win=64357 Len=0"
"469","38.289126","25.59.115.113","25.114.157.253","TCP","60","53036  >  1234 [PSH, ACK] Seq=116 Ack=285 Win=64976 Len=1"
"470","38.292685","25.114.157.253","25.59.115.113","TCP","58","1234  >  53036 [PSH, ACK] Seq=285 Ack=117 Win=65266 Len=4"
"471","38.396747","25.59.115.113","25.114.157.253","TCP","60","53036  >  1234 [ACK] Seq=117 Ack=289 Win=64972 Len=0"
"472","38.611402","25.59.115.113","25.114.157.253","TCP","60","53036  >  1234 [PSH, ACK] Seq=117 Ack=289 Win=64972 Len=1"
"473","38.652103","25.114.157.253","25.59.115.113","TCP","54","1234  >  53036 [ACK] Seq=289 Ack=118 Win=65265 Len=0"
"474","38.729578","25.94.9.254","25.114.157.253","TCP","60","55805  >  1234 [PSH, ACK] Seq=356 Ack=1 Win=65472 Len=5"
"475","38.770694","25.114.157.253","25.94.9.254","TCP","54","1234  >  55805 [ACK] Seq=1 Ack=361 Win=64352 Len=0"
"476","38.985945","25.59.115.113","25.114.157.253","TCP","60","53036  >  1234 [PSH, ACK] Seq=118 Ack=289 Win=64972 Len=1"
"477","38.989323","25.114.157.253","25.59.115.113","TCP","58","1234  >  53036 [PSH, ACK] Seq=289 Ack=119 Win=65264 Len=4"
"478","39.097799","25.59.115.113","25.114.157.253","TCP","60","53036  >  1234 [ACK] Seq=119 Ack=293 Win=64968 Len=0"
"479","39.257488","25.94.9.254","25.114.157.253","TCP","60","55805  >  1234 [PSH, ACK] Seq=361 Ack=1 Win=65472 Len=5"
"480","39.298711","25.114.157.253","25.94.9.254","TCP","54","1234  >  55805 [ACK] Seq=1 Ack=366 Win=64347 Len=0"
"481","39.312438","25.59.115.113","25.114.157.253","TCP","60","53036  >  1234 [PSH, ACK] Seq=119 Ack=293 Win=64968 Len=1"
"482","39.315024","25.114.157.253","25.59.115.113","TCP","58","1234  >  53036 [PSH, ACK] Seq=293 Ack=120 Win=65263 Len=4"
"483","39.417809","25.59.115.113","25.114.157.253","TCP","60","53036  >  1234 [ACK] Seq=120 Ack=297 Win=64964 Len=0"
"484","39.686333","25.59.115.113","25.114.157.253","TCP","60","53036  >  1234 [PSH, ACK] Seq=120 Ack=297 Win=64964 Len=1"
"485","39.726594","25.114.157.253","25.59.115.113","TCP","54","1234  >  53036 [ACK] Seq=297 Ack=121 Win=65262 Len=0"
"486","39.787388","25.94.9.254","25.114.157.253","TCP","60","55805  >  1234 [PSH, ACK] Seq=366 Ack=1 Win=65472 Len=5"
"487","39.828658","25.114.157.253","25.94.9.254","TCP","54","1234  >  55805 [ACK] Seq=1 Ack=371 Win=64342 Len=0"
"488","40.000971","25.59.115.113","25.114.157.253","TCP","60","53036  >  1234 [PSH, ACK] Seq=121 Ack=297 Win=64964 Len=1"
"489","40.003773","25.114.157.253","25.59.115.113","TCP","58","1234  >  53036 [PSH, ACK] Seq=297 Ack=122 Win=65261 Len=4"
"490","40.114287","25.59.115.113","25.114.157.253","TCP","60","53036  >  1234 [ACK] Seq=122 Ack=301 Win=64960 Len=0"
"491","40.311035","25.94.9.254","25.114.157.253","TCP","60","55805  >  1234 [PSH, ACK] Seq=371 Ack=1 Win=65472 Len=5"
"492","40.315192","25.59.115.113","25.114.157.253","TCP","60","53036  >  1234 [PSH, ACK] Seq=122 Ack=301 Win=64960 Len=1"
"493","40.316844","25.114.157.253","25.59.115.113","TCP","58","1234  >  53036 [PSH, ACK] Seq=301 Ack=123 Win=65260 Len=4"
"494","40.351746","25.114.157.253","25.94.9.254","TCP","54","1234  >  55805 [ACK] Seq=1 Ack=376 Win=64337 Len=0"
"495","40.426008","25.59.115.113","25.114.157.253","TCP","60","53036  >  1234 [ACK] Seq=123 Ack=305 Win=64956 Len=0"
"496","40.641124","25.59.115.113","25.114.157.253","TCP","60","53036  >  1234 [PSH, ACK] Seq=123 Ack=305 Win=64956 Len=1"
"497","40.681909","25.114.157.253","25.59.115.113","TCP","54","1234  >  53036 [ACK] Seq=305 Ack=124 Win=65259 Len=0"
"498","40.826526","25.94.9.254","25.114.157.253","TCP","60","55805  >  1234 [PSH, ACK] Seq=376 Ack=1 Win=65472 Len=5"
"499","40.867080","25.114.157.253","25.94.9.254","TCP","54","1234  >  55805 [ACK] Seq=1 Ack=381 Win=64332 Len=0"
"500","41.009945","25.59.115.113","25.114.157.253","TCP","60","53036  >  1234 [PSH, ACK] Seq=124 Ack=305 Win=64956 Len=1"
"501","41.012205","25.114.157.253","25.59.115.113","TCP","58","1234  >  53036 [PSH, ACK] Seq=305 Ack=125 Win=65258 Len=4"
"502","41.115633","25.59.115.113","25.114.157.253","TCP","60","53036  >  1234 [ACK] Seq=125 Ack=309 Win=64952 Len=0"
"503","41.333869","25.59.115.113","25.114.157.253","TCP","60","53036  >  1234 [PSH, ACK] Seq=125 Ack=309 Win=64952 Len=1"
"504","41.352332","25.94.9.254","25.114.157.253","TCP","60","55805  >  1234 [PSH, ACK] Seq=381 Ack=1 Win=65472 Len=5"
"505","41.374625","25.114.157.253","25.59.115.113","TCP","54","1234  >  53036 [ACK] Seq=309 Ack=126 Win=65257 Len=0"
"506","41.392614","25.114.157.253","25.94.9.254","TCP","54","1234  >  55805 [ACK] Seq=1 Ack=386 Win=64327 Len=0"
"507","41.717535","25.59.115.113","25.114.157.253","TCP","60","53036  >  1234 [PSH, ACK] Seq=126 Ack=309 Win=64952 Len=1"
"508","41.720268","25.114.157.253","25.59.115.113","TCP","58","1234  >  53036 [PSH, ACK] Seq=309 Ack=127 Win=65256 Len=4"
"509","41.825902","25.59.115.113","25.114.157.253","TCP","60","53036  >  1234 [ACK] Seq=127 Ack=313 Win=64948 Len=0"
"510","41.874232","25.94.9.254","25.114.157.253","TCP","60","55805  >  1234 [PSH, ACK] Seq=386 Ack=1 Win=65472 Len=5"
"511","41.915672","25.114.157.253","25.94.9.254","TCP","54","1234  >  55805 [ACK] Seq=1 Ack=391 Win=64322 Len=0"
"512","42.104157","25.59.115.113","25.114.157.253","TCP","60","53036  >  1234 [PSH, ACK] Seq=127 Ack=313 Win=64948 Len=1"
"513","42.106905","25.114.157.253","25.59.115.113","TCP","58","1234  >  53036 [PSH, ACK] Seq=313 Ack=128 Win=65255 Len=4"
"514","42.218009","25.59.115.113","25.114.157.253","TCP","60","53036  >  1234 [ACK] Seq=128 Ack=317 Win=64944 Len=0"
"515","42.487271","25.94.9.254","25.114.157.253","TCP","60","55805  >  1234 [PSH, ACK] Seq=391 Ack=1 Win=65472 Len=5"
"516","42.487398","25.59.115.113","25.114.157.253","TCP","60","53036  >  1234 [PSH, ACK] Seq=128 Ack=317 Win=64944 Len=1"
"517","42.491690","25.114.157.253","25.59.115.113","TCP","58","1234  >  53036 [PSH, ACK] Seq=317 Ack=129 Win=65254 Len=4"
"518","42.528114","25.114.157.253","25.94.9.254","TCP","54","1234  >  55805 [ACK] Seq=1 Ack=396 Win=64317 Len=0"
"519","42.761196","25.59.115.113","25.114.157.253","TCP","60","53036  >  1234 [ACK] Seq=129 Ack=321 Win=64940 Len=0"
"520","42.761277","25.59.115.113","25.114.157.253","TCP","60","53036  >  1234 [PSH, ACK] Seq=129 Ack=321 Win=64940 Len=1"
"521","42.801085","25.114.157.253","25.59.115.113","TCP","54","1234  >  53036 [ACK] Seq=321 Ack=130 Win=65253 Len=0"
"522","43.037548","25.94.9.254","25.114.157.253","TCP","60","55805  >  1234 [PSH, ACK] Seq=396 Ack=1 Win=65472 Len=5"
"523","43.037653","25.59.115.113","25.114.157.253","TCP","60","53036  >  1234 [PSH, ACK] Seq=130 Ack=321 Win=64940 Len=1"
"524","43.077303","25.114.157.253","25.94.9.254","TCP","54","1234  >  55805 [ACK] Seq=1 Ack=401 Win=64312 Len=0"
"525","43.080730","25.114.157.253","25.59.115.113","TCP","54","1234  >  53036 [ACK] Seq=321 Ack=131 Win=65252 Len=0"
"526","43.361112","25.59.115.113","25.114.157.253","TCP","60","53036  >  1234 [PSH, ACK] Seq=131 Ack=321 Win=64940 Len=1"
"527","43.364210","25.114.157.253","25.59.115.113","TCP","58","1234  >  53036 [PSH, ACK] Seq=321 Ack=132 Win=65251 Len=4"
"528","43.593064","25.59.115.113","25.114.157.253","TCP","60","53036  >  1234 [ACK] Seq=132 Ack=325 Win=64936 Len=0"
"529","43.873345","25.59.115.113","25.114.157.253","TCP","60","53036  >  1234 [PSH, ACK] Seq=132 Ack=325 Win=64936 Len=1"
"530","43.873455","25.94.9.254","25.114.157.253","TCP","60","55805  >  1234 [PSH, ACK] Seq=401 Ack=1 Win=65472 Len=5"
"531","43.914571","25.114.157.253","25.59.115.113","TCP","54","1234  >  53036 [ACK] Seq=325 Ack=133 Win=65250 Len=0"
"532","43.914574","25.114.157.253","25.94.9.254","TCP","54","1234  >  55805 [ACK] Seq=1 Ack=406 Win=64307 Len=0"
"533","43.994451","25.94.9.254","25.114.157.253","TCP","60","55805  >  1234 [PSH, ACK] Seq=406 Ack=1 Win=65472 Len=5"
"534","44.024099","25.59.115.113","25.114.157.253","TCP","60","53036  >  1234 [PSH, ACK] Seq=133 Ack=325 Win=64936 Len=1"
"535","44.026786","25.114.157.253","25.59.115.113","TCP","58","1234  >  53036 [PSH, ACK] Seq=325 Ack=134 Win=65249 Len=4"
"536","44.035573","25.114.157.253","25.94.9.254","TCP","54","1234  >  55805 [ACK] Seq=1 Ack=411 Win=64302 Len=0"
"537","44.240469","25.59.115.113","25.114.157.253","TCP","60","53036  >  1234 [ACK] Seq=134 Ack=329 Win=64932 Len=0"
"538","44.347034","25.59.115.113","25.114.157.253","TCP","60","53036  >  1234 [PSH, ACK] Seq=134 Ack=329 Win=64932 Len=1"
"539","44.351145","25.114.157.253","25.59.115.113","TCP","58","1234  >  53036 [PSH, ACK] Seq=329 Ack=135 Win=65248 Len=4"
"540","44.588263","25.59.115.113","25.114.157.253","TCP","60","53036  >  1234 [ACK] Seq=135 Ack=333 Win=64928 Len=0"
"541","44.588324","25.94.9.254","25.114.157.253","TCP","60","55805  >  1234 [PSH, ACK] Seq=411 Ack=1 Win=65472 Len=5"
"542","44.629171","25.114.157.253","25.94.9.254","TCP","54","1234  >  55805 [ACK] Seq=1 Ack=416 Win=64297 Len=0"
